{
    "config_1": {
        "config": {
            "epochs": 15,
            "lr": 0.01,
            "momentum": 0.95
        },
        "final_test_accuracy": 86.09,
        "train_losses": [
            1.5294123494716556,
            1.0489077676287697,
            0.7977433357092426,
            0.6608268408976552,
            0.571825812539786,
            0.5040443262938038,
            0.45961326825649235,
            0.41865857555280866,
            0.3844907739583184,
            0.35814246878294687,
            0.3357543528003766,
            0.3117429401220568,
            0.2936866351443788,
            0.2786601047839045,
            0.2617369365814092
        ],
        "train_accuracies": [
            43.856,
            62.66,
            71.944,
            76.994,
            79.898,
            82.398,
            84.062,
            85.396,
            86.8,
            87.69,
            88.416,
            89.18,
            89.958,
            90.262,
            90.858
        ],
        "test_accuracies": [
            52.36,
            65.92,
            74.17,
            78.27,
            80.73,
            79.38,
            84.59,
            84.53,
            84.52,
            85.12,
            84.14,
            85.86,
            87.22,
            85.14,
            86.09
        ],
        "training_time": 186.0033586025238
    },
    "config_2": {
        "config": {
            "epochs": 25,
            "lr": 0.01,
            "momentum": 0.95
        },
        "final_test_accuracy": 88.59,
        "train_losses": [
            1.5584616783025014,
            1.0363901766669719,
            0.7881140035131703,
            0.6593901166678084,
            0.569146100212546,
            0.505444748398593,
            0.4525390847412217,
            0.41510154661315174,
            0.38257492712848934,
            0.35713410819582925,
            0.3370505980670909,
            0.3118708936683357,
            0.291579324571068,
            0.2783294713405697,
            0.263757503989255,
            0.2480939510457046,
            0.2309397760673862,
            0.22859641164541245,
            0.2179143886889338,
            0.2030748470360056,
            0.19578341463261553,
            0.1889477923817342,
            0.17515413385942158,
            0.1744167737834289,
            0.16540185270635674
        ],
        "train_accuracies": [
            42.826,
            63.064,
            72.32,
            77.27,
            80.334,
            82.402,
            84.458,
            85.662,
            86.836,
            87.742,
            88.294,
            89.128,
            89.854,
            90.436,
            90.686,
            91.486,
            91.896,
            91.954,
            92.404,
            92.882,
            93.152,
            93.338,
            93.854,
            94.042,
            94.246
        ],
        "test_accuracies": [
            49.75,
            68.97,
            73.99,
            76.38,
            80.19,
            81.68,
            82.2,
            81.74,
            83.09,
            85.19,
            84.83,
            86.01,
            85.39,
            85.35,
            85.66,
            87.92,
            87.09,
            87.7,
            88.38,
            89.36,
            87.67,
            86.66,
            89.41,
            89.14,
            88.59
        ],
        "training_time": 300.4366192817688
    },
    "config_3": {
        "config": {
            "epochs": 25,
            "lr": 0.005,
            "momentum": 0.9
        },
        "final_test_accuracy": 88.4,
        "train_losses": [
            1.4246440852999382,
            0.9365101865185496,
            0.7317353346768547,
            0.6124028289866874,
            0.5364359624855354,
            0.4770330365966348,
            0.43804966458274275,
            0.39435956202199696,
            0.3657531154430126,
            0.3429661239199626,
            0.31760800746090884,
            0.29546820374248584,
            0.277480183564641,
            0.25739348864616335,
            0.24008950350991906,
            0.22749764255016966,
            0.2169575489238095,
            0.20309536442960924,
            0.19321614077024143,
            0.18501285783698795,
            0.17432181949696274,
            0.16410852375123508,
            0.15880372887834562,
            0.14870775334746636,
            0.14075869260846502
        ],
        "train_accuracies": [
            47.646,
            66.67,
            74.32,
            78.632,
            81.236,
            83.388,
            84.71,
            86.406,
            87.452,
            88.102,
            89.018,
            89.732,
            90.26,
            91.034,
            91.682,
            92.01,
            92.402,
            92.96,
            93.238,
            93.474,
            93.82,
            94.29,
            94.342,
            94.722,
            95.062
        ],
        "test_accuracies": [
            57.33,
            70.61,
            71.95,
            78.36,
            77.78,
            82.58,
            82.76,
            83.18,
            82.91,
            83.33,
            83.06,
            86.75,
            86.86,
            85.74,
            86.84,
            86.53,
            86.95,
            87.09,
            87.57,
            87.17,
            88.71,
            87.06,
            88.28,
            89.84,
            88.4
        ],
        "training_time": 298.3682506084442
    },
    "config_4": {
        "config": {
            "epochs": 25,
            "lr": 0.005,
            "momentum": 0.95
        },
        "final_test_accuracy": 89.56,
        "train_losses": [
            1.4940545859239291,
            0.9975016577469419,
            0.754087616339364,
            0.6269855371978886,
            0.5424138785475661,
            0.48264687388296934,
            0.4371464738379354,
            0.3977713730862683,
            0.3709170815280026,
            0.34590315525336646,
            0.3162361948234041,
            0.29449436739277657,
            0.274965924032204,
            0.2579682469749085,
            0.24417419129472864,
            0.2339756267759806,
            0.2189708281203609,
            0.20794839640636273,
            0.19445832479564126,
            0.19017511716736551,
            0.18245099115249752,
            0.17106284957636347,
            0.15911054808427305,
            0.15738828123911566,
            0.14294642345298586
        ],
        "train_accuracies": [
            45.07,
            64.416,
            73.404,
            78.056,
            81.192,
            83.406,
            84.85,
            86.168,
            87.082,
            88.036,
            89.104,
            89.812,
            90.502,
            91.05,
            91.494,
            91.826,
            92.326,
            92.816,
            93.11,
            93.446,
            93.586,
            93.96,
            94.388,
            94.586,
            94.914
        ],
        "test_accuracies": [
            56.67,
            69.01,
            76.84,
            80.44,
            79.54,
            83.7,
            80.94,
            83.69,
            83.58,
            86.16,
            84.91,
            85.81,
            84.7,
            87.69,
            88.55,
            87.0,
            88.66,
            87.95,
            88.05,
            88.96,
            88.5,
            88.79,
            88.4,
            88.26,
            89.56
        ],
        "training_time": 305.84479689598083
    }
}